{"0": 0.1710625948993224, "1": 0.5631637996994939, "2": 0.24007199464004675, "3": 0.24357657954099438, "4": 0.25460571437633056, "5": 0.1538488984740785, "6": 0.06510043965889781, "7": 0.43215417001994144, "8": 0.04891750349863799, "9": 0.07107884919580872, "a": 0.19667698748419185, "b": 0.19209010430500975, "c": 0.3649949849548644, "d": 0.19626468337819794, "e": 0.2275482574204828, "f": 0.2250228947712703, "g": 0.194312961224281, "h": 0.2903215575580496, "i": 0.16903972787929017, "j": 0.25611465777294073, "k": 0.24554533164711523, "l": 0.04970345820068903, "m": 0.38836201699728357, "n": 0.37706003385651016, "o": 0.31191598510947877, "p": 0.33127635182571274, "q": 0.3331070716876527, "r": 0.45632549823383173, "s": 0.27094326457633766, "t": 0.19091331966915248, "u": 0.390666069354308, "v": 0.4762243251493609, "w": 0.3611966333783961, "x": 0.38126553573764776, "y": 0.45121830519915135, "z": 0.269582661026558, "A": 0.32986495719041176, "B": 0.0, "C": 0.3237881345901059, "D": 0.16577994854127587, "E": 0.12227988312764383, "F": 0.3087850508045876, "G": 0.26406938205922126, "H": 0.25968588996804076, "I": 0.3097771575596355, "J": 0.4050194060442197, "K": 0.27292747808643336, "L": 0.4413794743915543, "M": 0.1441203405613259, "N": 0.18894260421014603, "O": 0.3067654049103833, "P": 0.23435523963193935, "Q": 0.2684169355893768, "R": 0.17025860189263434, "S": 0.21486197723605588, "T": 0.4299165612780368, "U": 0.3286474329821764, "V": 0.4589576181962037, "W": 0.26634824381611666, "X": 0.35411825538727976, "Y": 0.5246391347956917, "Z": 0.17763798642303724, "!": 0.4224048958469613, "\"": 0.5418545491547104, "#": 0.013717040449411575, "$": 0.12588093661749392, "%": 0.4361999040600062, "&": 0.14238367275740274, "'": 0.5975070137950083, "(": 0.47561127888120186, ")": 0.4725337232328905, "*": 0.6356222199206314, "+": 0.6118500428822701, ",": 1.0, "-": 1.0, ".": 1.0, "/": 0.4890177779715957, ":": 0.8068698850173709, ";": 0.7667819003783418, "<": 0.6547468492433823, "=": 0.4587349003532337, ">": 0.654557876528135, "?": 0.4894644407530891, "@": 0.07922880171706043, "[": 0.1678668646140057, "\\": 0.48911226432921967, "]": 0.16193476459624614, "^": 0.5811769716018694, "_": 1.0, "`": 0.8293140290436527, "{": 0.33016332280665933, "|": 0.304164667916794, "}": 0.3306316464922718, "~": 0.6561472720438749, " ": 1.0}