{"0": 0.16636700158646214, "1": 0.4014278159703861, "2": 0.33072448439978824, "3": 0.3175039661554729, "4": 0.41179270227392906, "5": 0.26382866208355354, "6": 0.3184029613960864, "7": 0.42226335272342663, "8": 0.1603913273400316, "9": 0.29709148598625057, "a": 0.28593336858804835, "b": 0.24452670544685298, "c": 0.45436277102062367, "d": 0.24479111581173976, "e": 0.32681121099947086, "f": 0.419090428344791, "g": 0.2845563194077204, "h": 0.3190375462718136, "i": 0.4084082496033845, "j": 0.45775356953992563, "k": 0.31184558434690623, "l": 0.4980433632998415, "m": 0.23093601269169725, "n": 0.39238498149127415, "o": 0.36647276573241666, "p": 0.3445690111052349, "q": 0.3466123744050765, "r": 0.5408778424114221, "s": 0.39645690111052334, "t": 0.423320994182972, "u": 0.4207826546800631, "v": 0.47292437863564246, "w": 0.26218931782125826, "x": 0.4309888947646746, "y": 0.48733791644632457, "z": 0.4277102062400843, "A": 0.28863035430988865, "B": 0.07852987837123189, "C": 0.36594394500264377, "D": 0.1798519301956636, "E": 0.25468006345848737, "F": 0.3843997884717076, "G": 0.2193548387096772, "H": 0.22062400846113145, "I": 0.3962982548915916, "J": 0.41084082496033797, "K": 0.23781068217874102, "L": 0.5125330512956103, "M": 0.10005288207297706, "N": 0.07419354838709628, "O": 0.22194606028556285, "P": 0.28307773664727665, "Q": 0.2377810682178739, "R": 0.1333685880486512, "S": 0.2963511369645688, "T": 0.48609201480698, "U": 0.2698572184029613, "V": 0.34611316763617106, "W": 0.0, "X": 0.3058699101004757, "Y": 0.4583289264939186, "Z": 0.35843469063987293, "!": 0.6845584346906399, "\"": 0.6214502908514011, "#": 0.16922263352723385, "$": 0.14147276573241624, "%": 0.12670544685351637, "&": 0.1777366472765729, "'": 0.8059360126916973, "(": 0.5469063987308302, ")": 0.5468601269169749, "*": 0.47789529349550525, "+": 0.5840797127668453, ",": 1.0, "-": 1.0, ".": 1.0, "/": 0.5653507460970729, ":": 0.7921734531993654, ";": 0.752886303543099, "<": 0.6123215230037014, "=": 0.6908825084766853, ">": 0.6115811739820199, "?": 0.5451084082496032, "@": 0.062140666314119304, "[": 0.4635205665279468, "\\": 0.5653024624652241, "]": 0.4635205665279468, "^": 0.6462365591397847, "_": 1.0, "`": 0.8728023430826181, "{": 0.4524153312027221, "|": 0.5855333042098728, "}": 0.4511116731428046, "~": 0.6149953728186144, " ": 1.0}