{"0": 0.1466990785764195, "1": 0.46581925492891524, "2": 0.3103917543238255, "3": 0.27730281723462197, "4": 0.3043112039244939, "5": 0.22010169366926535, "6": 0.1837880264757692, "7": 0.43634546473564084, "8": 0.09726227253489265, "9": 0.17496471357872256, "a": 0.266559693014719, "b": 0.1980624260506, "c": 0.42005650342030165, "d": 0.19969405432279952, "e": 0.2946876687226971, "f": 0.3151403638577705, "g": 0.22930127482537047, "h": 0.29333054203453623, "i": 0.3616068190108368, "j": 0.39048781477302213, "k": 0.28935903455553685, "l": 0.329063629883459, "m": 0.3162687279011551, "n": 0.3937582830471184, "o": 0.3354229023586463, "p": 0.3352242145701329, "q": 0.3369399925121616, "r": 0.5356522988764021, "s": 0.338511634103196, "t": 0.3287352886601682, "u": 0.407086530860065, "v": 0.4899140497706728, "w": 0.3296800319799748, "x": 0.4385079505484824, "y": 0.4685761659987429, "z": 0.3620658921038689, "A": 0.27425416408109327, "B": 0.026315565667674887, "C": 0.34302484940036554, "D": 0.16085226642696268, "E": 0.17598416531769592, "F": 0.3429600482854848, "G": 0.240475886507537, "H": 0.22085461506019735, "I": 0.3538565343471822, "J": 0.3980280208699436, "K": 0.2585247661468503, "L": 0.4784981174649395, "M": 0.14633228541690857, "N": 0.13823828438838595, "O": 0.2268285164991715, "P": 0.25309298726492285, "Q": 0.22137881496852263, "R": 0.1421397845836693, "S": 0.25210516509235287, "T": 0.4549219785129948, "U": 0.2810503790276829, "V": 0.38411961986975757, "W": 0.15255165674226243, "X": 0.32907228086987433, "Y": 0.47873974887253157, "Z": 0.26236723268671625, "!": 0.6037608712031849, "\"": 0.6382603575534593, "#": 0.06359369149574941, "$": 0.16308104158481998, "%": 0.2622586776443363, "&": 0.1431653780442886, "'": 0.7537113995384778, "(": 0.5489326713976924, ")": 0.5487955880777083, "*": 0.5720139570849773, "+": 0.6228222060156215, ",": 0.971720918216711, "-": 0.9654315520125971, ".": 1.0, "/": 0.5495665968920954, ":": 0.7907125651781696, ";": 0.7499130210296152, "<": 0.6421715081633631, "=": 0.6066652487233899, ">": 0.6415143853912261, "?": 0.5394684987740092, "@": 0.04712315601039324, "[": 0.4030554797045364, "\\": 0.5516118177003032, "]": 0.40107811303194985, "^": 0.626673750768936, "_": 1.0, "`": 0.866725745029901, "{": 0.4455178034769978, "|": 0.505674346185712, "}": 0.4433387091431949, "~": 0.6315150500800647, " ": 1.0}