{"0": 0.102667639243474, "1": 0.43286614911686566, "2": 0.3603787839316415, "3": 0.27082790600739864, "4": 0.24653519512322197, "5": 0.24262752045016403, "6": 0.16786067837232327, "7": 0.4546188714635544, "8": 0.08247798676600837, "9": 0.1567238055541084, "a": 0.3170687229719168, "b": 0.15757046839993738, "c": 0.44081175428541675, "d": 0.15802636377846083, "e": 0.32970353774813754, "f": 0.30130776845725016, "g": 0.20903454384411002, "h": 0.27063252227374557, "i": 0.5073724795498358, "j": 0.4575952170062, "k": 0.31068618767258915, "l": 0.4394440681498464, "m": 0.32950815401448447, "n": 0.41182983379357074, "o": 0.3278799562340434, "p": 0.329827280779451, "q": 0.3311005314437557, "r": 0.6097535559839524, "s": 0.348134736622727, "t": 0.3719715521283802, "u": 0.4098108685458239, "v": 0.5205934455270151, "w": 0.36565414474027014, "x": 0.503269421143125, "y": 0.4671722763507529, "z": 0.38890480904496444, "A": 0.2042671807429793, "B": 0.00041681863179276806, "C": 0.33934246860834694, "D": 0.13692492054394861, "E": 0.15099254936695664, "F": 0.3356953055801593, "G": 0.23800343875371258, "H": 0.1822539467514199, "I": 0.35549419059031945, "J": 0.37822383160527295, "K": 0.26483613817537655, "L": 0.48158182670765387, "M": 0.19482363361642271, "N": 0.1515787005679156, "O": 0.15177408430156836, "P": 0.24184598551555261, "Q": 0.1579384410983172, "R": 0.12279216380972235, "S": 0.24510238107643403, "T": 0.44875735945396783, "U": 0.2446464856979109, "V": 0.34728807377689797, "W": 0.19130672641067065, "X": 0.32722867712186754, "Y": 0.45325118532798436, "Z": 0.25102902099723856, "!": 0.7043192830719534, "\"": 0.7514762326542666, "#": 0.007841400510602801, "$": 0.22188942240454976, "%": 0.22387068201948632, "&": 0.10937581409889022, "'": 0.8576911721287276, "(": 0.6242803365810451, ")": 0.6269929140832594, "*": 0.6025243578387952, "+": 0.6725368623977493, ",": 0.915162754650133, "-": 0.8962946560377915, ".": 1.0, "/": 0.5943312666076176, ":": 0.773094357317772, ";": 0.7300708591674048, "<": 0.6594461522430055, "=": 0.6703783373402507, ">": 0.6584041056635234, "?": 0.5838326473193352, "@": 0.0, "[": 0.5777790079716566, "\\": 0.6004207263064658, "]": 0.5777790079716566, "^": 0.652607721565154, "_": 1.0, "`": 0.8980608629634317, "{": 0.553974756421612, "|": 0.6273250664304695, "}": 0.5482728077945084, "~": 0.6234025053777047, " ": 1.0}